authorPlotCode,UserDef1,StateProvince,authorLocation,UserDef2,QuadrangleName,UserDef3,UserDef4,reallongitude,reallatitude,authorDatum,locationAccuracy,UserDef5,UserDef6,authorZone,UserDef7,UserDef8,obsStartDate,Contrib1,Role1,Contrib2,Role2,Contrib3,Role3,Contrib4,Role4,Contrib5,Role5,UserDef9,locationNarrative,UserDef10,UserDef11,area,taxonObservationArea,UserDef12,UserDef13,UserDef14,permanence,representativeness,elevation,UserDef15,slopeGradient,slopeAspect,topoPosition,UserDef16,hydrologicRegime,UserDef18,soilDrainage,UserDef17,landscapeNarrative,phenologicAspect,UserDef19,UserDef20,UserDef21,StratumIndex1,StratumBase1,StratumCover1,UserDef22,StratumIndex2,StratumBase2,StratumCover2,UserDef23,StratumIndex3,StratumBase3,StratumCover3,UserDef24,StratumIndex4,StratumBase4,StratumCover4,UserDef25,StratumIndex5,StratumBase5,StratumCover5,UserDef26,StratumIndex6,StratumBase6,StratumCover6,UserDef27,StratumIndex7,StratumBase7,StratumCover7,UserDef28,StratumIndex8,StratumBase8,StratumCover8,UserDef29,StratumIndex9,StratumBase9,StratumCover9,UserDef30,UserDef31,UserDef32,UserDef33,percentLitter,percentWood,percentBedRock,percentRockGravel,percentOther,percentBareSoil,UserDef34,UserDef35
41,,AZ,Bear Wallow,,Mt. Bigelow,,,-110.729,32.41899,,18,,,12,VegBank Training,,8/03/02,George Jones,Leader,Monica Henson,member,Sergei Ponomakeaku,member,Mike Kearsley,member,,,,off Mt. Lemon Highway,25,10,100,100,y,digital,,no,very representative,2483,m,30,202.5,Steep Slope / High Slope,Upland,,"campsite, recreation use is high",well drained,"shallow, gravelly, silt, deep layer of litter and duff, loamy",mountains / Erosional Slope,evergreen,,needle-leaved,Forest,tree,30,30,Pseudotsuga menzseii,,,,Pinus ponderosa var. arizonica,shrub,,3,Pseudotsuga menzseii,Herb,,0.5,,n,,0.5,,,,,,,,,,,,,,,,,,"Snails, White tail deer, ants, squirrel","Campsites, road, trail","smells great, some type of fire cut?",96,3,1,1,0,0,,
42,,AZ,Bear Wallow,,,,,-110.73084,32.41895,,18,,,12,VegBank Training,,8/03/02,George Jones,Leader,Monica Henson,member,Sergei Ponomakeaku,member,Mike Kearsley,member,,,,Park at sharp (nearly hairpin) bend in Bear Wallow Road.  Walk to bottom of valley.,,,100,100,,,,,Plot in opening (herbaceous) in forest,2380,m,5,325,Low slope,Upland,,Recreational use,moderately well drained,"gravelly loam, dark gray, mud hummus",colluvial slope nera bottom V-shaped valley,evergreen,,needle-leaved,Woodland,tree,20,10,,tree2,99,12,,shrub,,0.5,,Herb,,40,,n,,0.5,,,,,,,,,,,,,,,,,,"deer scat, tree trunk excavated","trails, garbage (human)",,95,1,1,1,0,2,,
51,,AZ,,,Mt. Lemmun,,,-110.7849683,32.4405,,,,,12,VegBank Training,,8/03/02,Gordon,Leader,Hassing,member,Craig,member,van der Leerden,member,,,Kartesz and Kartesz ; Keary and Peebles,"Telescope parking lot; >300m to NE, near main road",10,10,100,100,n,,,,"Disturbed areas all around, hard to find undisturbed stand",2804,m,24,98,midslope,Upland,unknown,"recently burned adjacent to plot; USPS road, small open trail on site",moderately well drained,deep duff layer - much pine litter,,evergreen,,needle-leaved,Forest,tree,25,75,,shrub,,5,,herb,,4,,,,,,,,,,,,,,,,,,,,,,,,,,tree squirrel observed,offsite campground trail (litter covered) some trash,classic Ponderosa Pine Forest.  N side of trees have 2 species of lichens,95,,5,,,,,
52,,AZ,,,Rose Canyon,,,-110.7082333,32.39036667,,,,,12,VegBank Training,,8/03/02,Gordon,Leader,Hassing,member,Craig,member,van der Leerden,member,,,Kartesz and Kartesz ; Keary and Peebles,Rose Canyon in Road to Rose Canyon in Lake Entrance,10,10,100,100,n,,,no,Disturbed areas all around,2128,m,9,90,midslope,Upland,unknown,"geology: granitic rocks, Tertiary/Crataceus ages",moderately well drained,"some granite gravel, somewhat sandy upper horizon, somewhat shallow duff layer (decomposed)",,evergreen,,needle-leaved,Forest,tree,35,60,,,,,,,,,,Shrub,,25,,herb,,1.5,,,,,,,,,,,,,,,,,,tree squirrels - leaves dropped etcetera,some logging; a little trash,(see data sheets),99,,,1,,,,
31,,AZ,Mt. Lemmon,Syke Knob,,,,-110.75282,32.43388,,,,,,VegBank Training,,8/03/02,Biedenbendei,Leader,Adams,member,Guertin,member,Bulleck,member,,,,Mt. Lemmon Highway to syke knob; plot is S. of parking lots ~ 15m,10,10,100,100,n,,,no,Plot is a woodland wrt cover; much of surrounding area is forest wrt cover,2439,m,30,180,high slope,Upland,,,well drained,shallow and rocky,,evergreen,perennial,needle-leaved,Woodland,tree,15,37,,shrub,,3.5,,herb,,1.5,,n,,1.5,,,,,,,,,,,,,,,,,,,,,,no,"picnic area, heavily used",,60,5,18,12,0,5,,
32,,AZ,Mt. Lemmon,Syke Knob,,,,-110.75369,32.43504,NAD27,,,,,VegBank Training,,8/03/02,Biedenbendei,Leader,Adams,member,Guertin,member,Bulleck,member,,,,West end of Sykes parking lot,10,10,100,100,n,,,no,Very,2424.242424,m,45,225,,Upland,,,well drained,shallow and rocky,,evergreen,perennial,needle-leaved,Forest,tree,20,85,,shrub,,3.5,,herb,,1.5,,,,,,,,,,,,,,,,,,,,,,,,,,no,near picnic area but less used than 3-1 (because of slope?),,97,2,1,,,,,
11,,AZ,Prison Camp,North Slope,Aqua Caliente Hill,,,-110.72052,32.33516,NAD27,7,,,,VegBank Training,,8/03/02,Muggles,Leader,Muggles1,member,Muggles2,member,Muggles4,member,,,Malusa,Southeast from prison camp and up the hill to midslope,10,10,100,100,n,na,na,n,fair,1240,m,18,350,"mid-slope, north facing",upland,upland,Monsoon season.  Rain today but vegetation still under drought stress while other shows signs of green up,Rapidly drained,clumps slightly from moisture,"Bedrock outcrops, Gnisse, angular with some gravel.",evergreen,perennial,Broad-leaved and needle-leaved,woodland,tree,5,18,Pinus discolor,,,,Juniper,,,,,Shrub,,7.5,Manzanita dead,Shrub,,1.5,Silk Tassle,,,,,Herb,,17.5,Impomea sp,,,,,,,,,,,,25,1,5,30,,1,,
12,,AZ,Prison Camp,,Aqua Caliente Hill,,,-110.71987,32.33536,NAD27,,,,,VegBank Training,,8/03/02,Muggles,Leader,Muggles1,member,Muggles2,member,Muggles4,member,,,Malusa,East across the slope from plot 1-1,10,10,100,100,,na,na,n,good - center of the stand,1493.939394,m,18,295,"mid-slope, north facing",upland,upland,Monsoon season.  Rain today but vegetation still under drought stress while other shows signs of green up,Rapidly drained,clumps slightly from moisture,"Bedrock outcrops, Gnisse, angular with some gravel.",evergreen,perennial,Broad-leaved and needle-leaved,woodland,tree,5,18,Pinus discolor,,,,Juniper,,,,,Shrub,,7.5,Manzanita dead,Shrub,,1.5,Silk Tassle,,,,,Herb,,17.5,Impomea sp,,,,,,,,,,,,30,1,40,10,,,,
21,,AZ,Mt. Lemmon,Bear Canyon,Mt. Bigelow,,,-110.445374,32.224323,NAD27,,,,,VegBank Training,,8/03/02,Peet,Leader,Matt,member,Brooke,member,Dana,member,Lesley,member,Brooke,Up slope to L and across from cypress picnic area.,20,5,100,100,n,na,na,n,on good sheltered ridge,1818.181818,m,0,132,"ridge top, interfluvial",upland,upland,,Rapidly drained,"felsic, gravely",Ridgecline,Mixed evergreen,,Broad-leaved and needle-leaved,forest,tree,10,37,,,,,,,,,,shrub,,,,,,,,,,,,herb,,0.5,,,,,,,,,,none,"fire scars just outside plot, within 5-10 yr. Insect borings",,93,2,,,,,,
22,,AZ,Mt. Lemmon,Bear Canyon,Agua Caliente,,,-110.423657,32.220243,NAD27,,,,,VegBank Training,,8/03/02,Peet,Leader,Matt,member,Brooke,member,Dana,member,Lesley,member,Brooke,1/2 mile south of Cypress pull out,10,10,100,100,n,na,na,n,,1757.575758,m,20,164,toe slope,upland,upland,"lower canyon slope, elevation up from stream",Well drained,"black, lots of organic",,evergreen,,Needle-leaved,forest,tree,10,37,,,,,,,,,,shrub,,,,,,,,,,,,herb,,0.5,,,,,,,,,,,"litter, boulders from road construction; flat top stump",watch edge effect,83,10,5,,2,,,
