plantCode,USDACode,plantName,plantNameSystem,plantCommonName,plantCommonNameSystem,reference,plantConceptStatus,UsedPlantName
ABCO,ABCO,Abies concolor (Gord. & Glend.) Lindl. ex Hildebr. ,Scientific,white fir,English Common,USDA,accepted,Normal
ABLAA,ABLAA,Abies lasiocarpa (Hook.) Nutt. var. arizonica (Merriam) Lemmon ,Scientific,corkbark fir,English Common,USDA,accepted,Normal
ACMI2,ACMI2,Achillea millefolium L. ,Scientific,common yarrow,English Common,USDA,accepted,Normal
AGPA3,AGPA3,Agave palmeri Engelm. ,Scientific,Palmer agave,English Common,USDA,accepted,Normal
AGSC3,AGSC3,Agave schottii Engelm. ,Scientific,Schott agave,English Common,USDA,accepted,Normal
ARPR,ARPR,Arctostaphylos pringlei Parry ,Scientific,Pringle manzanita,English Common,USDA,accepted,Normal
ARPU5,ARPU5,Arctostaphylos pungens Kunth ,Scientific,pointleaf manzanita,English Common,USDA,accepted,Normal
ARTEM,ARTEM,Artemisia L. ,Scientific,Artemisia,English Common,USDA,accepted,Normal
ASPLE,ASPLE,Asplenium L. ,Scientific,Asplenium,English Common,USDA,accepted,Normal
ASTERAC,,Asteraceae,Scientific,,English Common,LowResTaxa,accepted,Normal
BACHA,,VB_unkn1,Scientific,,English Common,LowResTaxa,not accepted,Normal
BIDEN,BIDEN,Bidens L. ,Scientific,Bidens,English Common,USDA,accepted,Normal
BOCU,BOCU,Bouteloua curtipendula (Michx.) Torr. ,Scientific,sideoats grama,English Common,USDA,accepted,Normal
BROMV,,VB_unkn2,Scientific,,English Common,LowResTaxa,not accepted,Normal
CAREX,CAREX,Carex L. ,Scientific,Carex,English Common,USDA,accepted,Normal
CHAMA15,CHAMA15,Chamaesyce S.F. Gray ,Scientific,Chamaesyce,English Common,USDA,accepted,Normal
CIRCI,,VB_unkn3,Scientific,,English Common,LowResTaxa,not accepted,Normal
CUAR,CUAR,Cupressus arizonica Greene ,Scientific,Arizona cypress,English Common,USDA,accepted,Normal
DAWH2,DAWH2,Dasylirion wheeleri S. Wats. ,Scientific,sotol,English Common,USDA,accepted,Normal
DESM2,,VB_unkn4,Scientific,,English Common,LowResTaxa,not accepted,Normal
DESMO,DESMO,Desmodium Desv. ,Scientific,Desmodium,English Common,USDA,accepted,Normal
ERFL7,ERFL7,Erythrina flabelliformis Kearney ,Scientific,coralbean,English Common,USDA,accepted,Normal
ERIGE,,VB_unkn5,Scientific,,English Common,LowResTaxa,not accepted,Normal
EUPHORB,,Euphorbiaceae,Scientific,,English Common,LowResTaxa,accepted,Normal
FRBE2,FRBE2,Frangula betulifolia (Greene) V. Grub. ,Scientific,birchleaf buckthorn,English Common,USDA,accepted,Normal
FRCA,,VB_unkn6,Scientific,,English Common,LowResTaxa,not accepted,Normal
FROV,FROV,Fragaria ovalis (Lehm.) Rydb. ,Scientific, ,English Common,USDA,not accepted,Normal
GAAP2,GAAP2,Galium aparine L. ,Scientific,catchweed bedstraw,English Common,USDA,accepted,Normal
GAWR3,GAWR3,Garrya wrightii Torr. ,Scientific,Wright silktassel,English Common,USDA,accepted,Normal
GECA3,GECA3,Geranium caespitosum James ,Scientific,purple cluster geranium,English Common,USDA,accepted,Normal
GERI,GERI,Geranium richardsonii Fisch. & Trautv. ,Scientific,Richardson geranium,English Common,USDA,accepted,Normal
HIERA,HIERA,Hieracium L. ,Scientific,Hieracium,English Common,USDA,accepted,Normal
IMPAT,,VB_unkn7,Scientific,,English Common,LowResTaxa,not accepted,Normal
IPOM2,,VB_unkn8,Scientific,,English Common,LowResTaxa,not accepted,Normal
IPOME,,VB_unkn9,Scientific,,English Common,LowResTaxa,not accepted,Normal
JUDE2,JUDE2,Juniperus deppeana Steud. ,Scientific,alligator juniper,English Common,USDA,accepted,Normal
LICHEN,,VB_unkn10,Scientific,,English Common,LowResTaxa,not accepted,Normal
LILIAC,,VB_unkn11,Scientific,,English Common,LowResTaxa,not accepted,Normal
LIVERWT,,VB_unkn12,Scientific,,English Common,LowResTaxa,not accepted,Normal
LOTUS,LOTUS,Lotus L. ,Scientific,Lotus,English Common,USDA,accepted,Normal
LUPIN,LUPIN,Lupinus L. ,Scientific,Lupinus,English Common,USDA,accepted,Normal
MAMMI,MAMMI,Mammillaria Haw. ,Scientific,Mammillaria,English Common,USDA,accepted,Normal
MIBI3,MIBI3,Mimosa biuncifera Benth. ,Scientific, ,English Common,USDA,not accepted,Normal
MUEM,MUEM,Muhlenbergia emersleyi Vasey ,Scientific,bullgrass,English Common,USDA,accepted,Normal
MUHLE,MUHLE,Muhlenbergia Schreb. ,Scientific,Muhlenbergia,English Common,USDA,accepted,Normal
MURE,MURE,Muhlenbergia repens (J. Presl) A.S. Hitchc. ,Scientific,creeping muhly,English Common,USDA,accepted,Normal
MUVI2,MUVI2,Muhlenbergia virescens (Kunth) Kunth ,Scientific,screwleaf muhly,English Common,USDA,accepted,Normal
NOMI,NOMI,Nolina microcarpa S. Wats. ,Scientific,sacahuista,English Common,USDA,accepted,Normal
OPEN3,OPEN3,Opuntia engelmannii Salm-Dyck ,Scientific,Engelmann pricklypear,English Common,USDA,accepted,Normal
OPUNT,OPUNT,Opuntia P. Mill. ,Scientific,Opuntia,English Common,USDA,accepted,Normal
OXDE4,OXDE4,Oxalis decaphylla Kunth ,Scientific,tenleaf woodsorrel,English Common,USDA,accepted,Normal
PENST,PENST,Penstemon Schmidel ,Scientific,Penstemon,English Common,USDA,accepted,Normal
PHORA,PHORA,Phoradendron Nutt. ,Scientific,Phoradendron,English Common,USDA,accepted,Normal
PIAR5,PIAR5,Pinus arizonica Engelm. ,Scientific,Arizona pine,English Common,USDA,accepted,Normal
PIDI3,PIDI3,Pinus discolor D.K. Bailey & Hawksworth ,Scientific,border pinyon,English Common,USDA,accepted,Normal
PILE,PILE,Pinus leiophylla Schiede & Deppe ,Scientific,Chihuahuan pine,English Common,USDA,accepted,Normal
PIPI3,,VB_unkn13,Scientific,,English Common,LowResTaxa,not accepted,Normal
PIPO,PIPO,Pinus ponderosa P.& C. Lawson ,Scientific,ponderosa pine,English Common,USDA,accepted,Normal
PIPOA,PIPOA,Pinus ponderosa P.& C. Lawson var. arizonica (Engelm.) Shaw ,Scientific, ,English Common,USDA,not accepted,Normal
PIST3,PIST3,Pinus strobiformis Engelm. ,Scientific,southwestern white pine,English Common,USDA,accepted,Normal
PLANT,PLANT,Plantago L. ,Scientific,Plantago,English Common,USDA,accepted,Normal
POAC1S1,,VB_unkn14,Scientific,,English Common,LowResTaxa,not accepted,Normal
POACA,,VB_unkn15,Scientific,,English Common,LowResTaxa,not accepted,Normal
POTEN,POTEN,Potentilla L. ,Scientific,Potentilla,English Common,USDA,accepted,Normal
POTR5,POTR5,Populus tremuloides Michx. ,Scientific,quaking aspen,English Common,USDA,accepted,Normal
PSME,PSME,Pseudotsuga menziesii (Mirbel) Franco ,Scientific,Douglas-fir,English Common,USDA,accepted,Normal
PTAQP2,PTAQP2,Pteridium aquilinum (L.) Kuhn var. pubescens Underwood ,Scientific,western brackenfern,English Common,USDA,accepted,Normal
QUAR,QUAR,Quercus arizonica Sarg. ,Scientific,Arizona white oak,English Common,USDA,accepted,Normal
QUEM,QUEM,Quercus emoryi Torr. ,Scientific,Emory oak,English Common,USDA,accepted,Normal
QUGA,QUGA,Quercus gambelii Nutt. ,Scientific,Gambel oak,English Common,USDA,accepted,Normal
QUHY,QUHY,Quercus hypoleucoides A. Camus ,Scientific,silverleaf oak,English Common,USDA,accepted,Normal
QURU4,QURU4,Quercus rugosa N�e ,Scientific,netleaf oak,English Common,USDA,accepted,Normal
RHTR3,,VB_unkn16,Scientific,,English Common,LowResTaxa,not accepted,Normal
RONE,RONE,Robinia neomexicana Gray ,Scientific,New Mexico locust,English Common,USDA,accepted,Normal
RONE3,,VB_unkn17,Scientific,,English Common,LowResTaxa,not accepted,Normal
SELAG,SELAG,Selaginella Beauv. ,Scientific,Selaginella,English Common,USDA,accepted,Normal
SYOR2,SYOR2,Symphoricarpos oreophilus Gray ,Scientific,mountain snowberry,English Common,USDA,accepted,Normal
SYPA2,SYPA2,Symphoricarpos parishii Rydb. ,Scientific, ,English Common,USDA,not accepted,Normal
THALI2,THALI2,Thalictrum L. ,Scientific,Thalictrum,English Common,USDA,accepted,Normal
THFEW,THFEW,Thalictrum fendleri Engelm. ex Gray var. wrightii (Gray) Trel. ,Scientific,Fendler meadowrue,English Common,USDA,accepted,Normal
TRADE,TRADE,Tradescantia L. ,Scientific,Tradescantia,English Common,USDA,accepted,Normal
UNKN,,unknown #1 on plot,Scientific,,English Common,LowResTaxa,accepted,Normal
UNKN2,,unknown #2 on plot,Scientific,,English Common,LowResTaxa,accepted,Normal
VIAM,VIAM,Vicia americana Muhl. ex Willd. ,Scientific,American vetch,English Common,USDA,accepted,Normal
VIAR,,VB_unkn18,Scientific,,English Common,LowResTaxa,not accepted,Normal
VIOLA,VIOLA,Viola L. ,Scientific,Viola,English Common,USDA,accepted,Normal
YUMA3,YUMA3,"Yucca macrocarpa Engelm., non Merriam ",Scientific, ,English Common,USDA,not accepted,Normal
YUSC,YUSC,Yucca schottii Engelm. ,Scientific,Schott yucca,English Common,USDA,accepted,Normal
