AuthorPlotCode,StratumIndex,PLANTCode,StratumCoverCode
51,herb,UNKN,2
51,tree,PIPO,8
51,tree,JUDE2,1
51,shrub,QUHY,5
51,shrub,FRBE2,6
51,shrub,FRCA,6
21,herb,ARPR,4
21,herb,PIDI3,2
21,herb,MURE,4
21,herb,JUDE2,2
21,herb,UNKN,1
21,herb,EUPHORB,1
21,herb,VIAR,1
21,herb,UNKN2,1
21,herb,YUSC,3
21,tree,PIAR5,5
21,tree,PILE,4
21,tree,QUEM,6
21,tree,QUHY,7
21,tree,JUDE2,3
21,shrub,PIDI3,3
21,shrub,QUHY,5
21,shrub,QUEM,3
21,shrub,ARPR,7
21,shrub,ARPU5,5
21,shrub,PILE,2
31,herb,MUVI2,2
31,herb,LOTUS,1
31,herb,POTEN,1
31,herb,CAREX,1
31,herb,HIERA,1
31,herb,ASTERAC,1
31,herb,CIRCI,1
31,herb,PENST,1
31,herb,ARTEM,1
31,tree,PIPO,7
31,shrub,QUHY,4
31,shrub,JUDE2,2
11,herb,OPEN3,2
11,herb,IPOME,6
11,herb,IPOME,1
11,herb,DESMO,2
11,herb,MAMMI,1
11,herb,MUHLE,2
11,herb,BOCU,2
11,herb,CHAMA15,1
11,herb,BIDEN,1
11,herb,UNKN,1
11,herb,TRADE,1
11,herb,LILIAC,1
11,herb,POAC1S1,1
11,herb,ERFL7,1
11,herb,ASPLE,1
11,herb,LICHEN,1
11,herb,LIVERWT,1
11,herb,SELAG,1
11,herb,BACHA,1
11,tree,PIDI3,6
11,tree,ARPU5,5
11,tree,JUDE2,4
11,shrub,GAWR3,3
11,shrub,YUMA3,2
11,shrub,AGSC3,5
11,shrub,NOMI,6
11,shrub,AGPA3,3
32,shrub,RONE3,2
32,shrub,CAREX,1
32,shrub,MUVI2,1
32,shrub,GERI,1
32,shrub,QURU4,1
32,shrub,QUHY,1
32,shrub,THALI2,1
32,shrub,QUGA,1
32,shrub,ASTERAC,1
32,shrub,PTAQP2,1
32,shrub,LUPIN,1
32,shrub,ARTEM,1
32,tree,PIPO,9
32,tree,PIPOA,2
32,tree,PSME,1
32,shrub,RONE,4
51,herb,PTAQP2,4
51,herb,POACA,2
51,tree,PIPOA,8
51,tree,ABCO,5
51,tree,ABLAA,4
51,shrub,SYOR2,4
42,herb,OXDE4,3
42,herb,UNKN,3
42,herb,CAREX,7
42,herb,GAAP2,3
42,herb,ACMI2,1
42,herb,BROMV,3
42,herb,FROV,1
42,herb,GECA3,1
42,herb,ERIGE,1
42,herb,VIAM,1
42,herb,THFEW,1
42,herb,PTAQP2,1
42,herb,VIOLA,1
42,herb,UNKN2,1
42,herb,POTR5,1
42,tree,PSME,5
42,tree,PIPO,3
42,tree2,ABCO,6
42,tree2,POTR5,3
42,shrub,SYPA2,1
42,shrub,ABCO,3
41,herb,RONE,3
41,herb,PSME,3
41,herb,SYPA2,3
41,herb,PLANT,3
41,herb,CAREX,3
41,herb,PHORA,3
41,tree,PSME,5
41,tree,PIAR5,6
41,tree,RONE,1
41,tree,PIST3,3
41,tree,PSME,6
41,tree,ABCO,1
41,shrub,PSME,3
41,shrub,ABCO,3
12,herb,BOCU,3
12,herb,MUEM,3
12,herb,IPOME,7
12,herb,DESMO,1
12,herb,DESM2,1
12,herb,BIDEN,1
12,herb,UNKN,1
12,herb,IMPAT,1
12,herb,IPOM2,3
12,tree,PIDI3,6
12,tree,JUDE2,6
12,tree,QUAR,4
12,shrub,ARPU5,6
12,shrub,GAWR3,7
12,shrub,RHTR3,2
12,shrub,AGPA3,1
12,shrub,YUSC,4
12,shrub,NOMI,2
12,shrub,DAWH2,1
12,shrub,OPEN3,1
12,shrub,OPUNT,1
12,shrub,MIBI3,2
12,shrub,JUDE2,2
12,shrub,PIDI3,2
22,herb,MURE,3
22,herb,QURU4,3
22,herb,YUSC,2
22,herb,PIPI3,2
22,herb,CAREX,1
22,herb,GAWR3,1
22,herb,QUAR,2
22,herb,UNKN,1
22,tree,CUAR,8
22,tree,QURU4,5
22,tree,QUAR,6
22,tree,PILE,2
22,tree,QUHY,5
22,shrub,QURU4,4
22,shrub,YUSC,2
22,shrub,CUAR,3
22,shrub,QUAR,4
22,shrub,GAWR3,2
