PlotSlope,PlotID,SpeciesType,Species,Cover
"steep","Plot 1","fern","Species A","45%"
"steep","Plot 1","tree","Species B",""
"steep","Plot 1","tree","Species C","2%"
"steep","Plot 1","shrub","Species D",""
"very steep","Plot 2","fern","Species A","33%"
"very steep","Plot 2","tree","Species B","18%"
"very steep","Plot 2","tree","Species C",""
"very steep","Plot 2","shrub","Species D","44%"
"flat","Plot 3","fern","Species A",""
"flat","Plot 3","tree","Species B","7%"
"flat","Plot 3","tree","Species C",""
"flat","Plot 3","shrub","Species D","41%"
"flat","Plot 4","fern","Species A","2%"
"flat","Plot 4","tree","Species B",""
"flat","Plot 4","tree","Species C","87%"
"flat","Plot 4","shrub","Species D","8%"
