PlotSize,PlotSlope,PlotID,SpecSynonym,SpeciesCode,SpeciesType,Species,Cover
44,"steep","Plot 1","","ACE1","fern","Species A","45%"
44,"steep","Plot 1","","RGE3","tree","Species B",""
44,"steep","Plot 1","","EDGR","tree","Species C","2%"
44,"steep","Plot 1","Species RR","SHe2","shrub","Species D",""
50,"very steep","Plot 2","","ACE1","fern","Species A","33%"
50,"very steep","Plot 2","","RGE3","tree","Species B","18%"
50,"very steep","Plot 2","","EDGR","tree","Species C",""
50,"very steep","Plot 2","Species RR","SHe2","shrub","Species D","44%"
80,"flat","Plot 3","","ACE1","fern","Species A",""
80,"flat","Plot 3","","RGE3","tree","Species B","7%"
80,"flat","Plot 3","","EDGR","tree","Species C",""
80,"flat","Plot 3","Species RR","SHe2","shrub","Species D","41%"
100,"flat","Plot 4","","ACE1","fern","Species A","2%"
100,"flat","Plot 4","","RGE3","tree","Species B",""
100,"flat","Plot 4","","EDGR","tree","Species C","87%"
100,"flat","Plot 4","Species RR","SHe2","shrub","Species D","8%"
